,Kemeny_Change_PCT
"Australia-Agriculture, Hunting, Forestry and Fishing",0.0348412388929
Australia-Mining and Quarrying,0.0818977195776
"Australia-Food, Beverages and Tobacco",0.0298817551949
Australia-Textiles and Textile Products,0.0306714836123
"Australia-Leather, Leather and Footwear",0.029848768015
Australia-Wood and Products of Wood and Cork,0.0286148221946
"Australia-Pulp, Paper, Paper , Printing and Publishing",0.0260876823342
"Australia-Coke, Refined Petroleum and Nuclear Fuel",0.0375015599401
Australia-Chemicals and Chemical Products,0.0348951035799
Australia-Rubber and Plastics,0.0307005070202
Australia-Other Non-Metallic Mineral,0.0292796805539
Australia-Basic Metals and Fabricated Metal,0.0654766173203
"Australia-Machinery, Nec",0.0365406972636
Australia-Electrical and Optical Equipment,0.0326237236645
Australia-Transport Equipment,0.0338977749892
"Australia-Manufacturing, Nec; Recycling",0.0310551770136
"Australia-Electricity, Gas and Water Supply",0.0190662442144
Australia-Construction,-0.0341329220469
"Australia-Sale, Maintenance and Repair of Motor Vehicles and Motorcycles; Retail Sale of Fuel",0.0257113731941
"Australia-Wholesale Trade and Commission Trade, Except of Motor Vehicles and Motorcycles",-0.00225708515637
"Australia-Retail Trade, Except of Motor Vehicles and Motorcycles; Repair of Household Goods",0.00905702415266
Australia-Hotels and Restaurants,0.0219256088232
Australia-Inland Transport,0.0217225818163
Australia-Water Transport,0.0294400476043
Australia-Air Transport,0.0374206154757
Australia-Other Supporting and Auxiliary Transport Activities; Activities of Travel Agencies,0.0246513360136
Australia-Post and Telecommunications,0.0235559881379
Australia-Financial Intermediation,-0.0143029190092
Australia-Real Estate Activities,-0.0403199025456
Australia-Renting of M&Eq and Other Business Activities,0.000855175677968
Australia-Public Admin and Defence; Compulsory Social Security,0.00351130422011
Australia-Education,0.0135566379093
Australia-Health and Social Work,-0.0035776842208
"Australia-Other Community, Social and Personal Services",0.0125183138976
Australia-Private Households with Employed Persons,0.0293900979673
"Austria-Agriculture, Hunting, Forestry and Fishing",0.0302064270964
Austria-Mining and Quarrying,0.0311172014513
"Austria-Food, Beverages and Tobacco",0.0376861524487
Austria-Textiles and Textile Products,0.0362295907638
"Austria-Leather, Leather and Footwear",0.0315560397781
Austria-Wood and Products of Wood and Cork,0.0355111805764
"Austria-Pulp, Paper, Paper , Printing and Publishing",0.0396552492664
"Austria-Coke, Refined Petroleum and Nuclear Fuel",0.0463860125255
Austria-Chemicals and Chemical Products,0.046168924323
Austria-Rubber and Plastics,0.0360478405091
Austria-Other Non-Metallic Mineral,0.0331637442
Austria-Basic Metals and Fabricated Metal,0.0490090932068
"Austria-Machinery, Nec",0.0582631748898
Austria-Electrical and Optical Equipment,0.0527048823697
Austria-Transport Equipment,0.0514503077309
"Austria-Manufacturing, Nec; Recycling",0.0357706579155
"Austria-Electricity, Gas and Water Supply",0.0348571866751
Austria-Construction,0.023515961807
"Austria-Sale, Maintenance and Repair of Motor Vehicles and Motorcycles; Retail Sale of Fuel",0.0275189245581
"Austria-Wholesale Trade and Commission Trade, Except of Motor Vehicles and Motorcycles",0.0228386450728
"Austria-Retail Trade, Except of Motor Vehicles and Motorcycles; Repair of Household Goods",0.0185202629275
Austria-Hotels and Restaurants,0.0219020882719
Austria-Inland Transport,0.0346276204084
Austria-Water Transport,0.0297898033298
Austria-Air Transport,0.0330061699367
Austria-Other Supporting and Auxiliary Transport Activities; Activities of Travel Agencies,0.0318874404332
Austria-Post and Telecommunications,0.0310006969984
Austria-Financial Intermediation,0.0327988072429
Austria-Real Estate Activities,-0.00221241051224
Austria-Renting of M&Eq and Other Business Activities,0.0369434619083
Austria-Public Admin and Defence; Compulsory Social Security,0.0103713270933
Austria-Education,0.0125891524057
Austria-Health and Social Work,0.0126785238733
"Austria-Other Community, Social and Personal Services",0.0210319895645
Austria-Private Households with Employed Persons,0.0293062248531
"Belgium-Agriculture, Hunting, Forestry and Fishing",0.0345891262664
Belgium-Mining and Quarrying,0.0320416189726
"Belgium-Food, Beverages and Tobacco",0.0597878899494
Belgium-Textiles and Textile Products,0.0425023903989
"Belgium-Leather, Leather and Footwear",0.0298875467811
Belgium-Wood and Products of Wood and Cork,0.0336266500012
"Belgium-Pulp, Paper, Paper , Printing and Publishing",0.0371883278572
"Belgium-Coke, Refined Petroleum and Nuclear Fuel",0.0627271953256
Belgium-Chemicals and Chemical Products,0.0833820876361
Belgium-Rubber and Plastics,0.0395598458164
Belgium-Other Non-Metallic Mineral,0.0405141579803
Belgium-Basic Metals and Fabricated Metal,0.0607819698081
"Belgium-Machinery, Nec",0.0484402312822
Belgium-Electrical and Optical Equipment,0.0447122233646
Belgium-Transport Equipment,0.0753170772142
"Belgium-Manufacturing, Nec; Recycling",0.0381952389565
"Belgium-Electricity, Gas and Water Supply",0.041226321526
Belgium-Construction,0.026294945719
"Belgium-Sale, Maintenance and Repair of Motor Vehicles and Motorcycles; Retail Sale of Fuel",0.0284252717235
"Belgium-Wholesale Trade and Commission Trade, Except of Motor Vehicles and Motorcycles",0.0298218626165
"Belgium-Retail Trade, Except of Motor Vehicles and Motorcycles; Repair of Household Goods",0.0224835583928
Belgium-Hotels and Restaurants,0.0308857354531
Belgium-Inland Transport,0.0311377527013
Belgium-Water Transport,0.0306551428496
Belgium-Air Transport,0.0310202242215
Belgium-Other Supporting and Auxiliary Transport Activities; Activities of Travel Agencies,0.039341749053
Belgium-Post and Telecommunications,0.0321730965572
Belgium-Financial Intermediation,0.0234901681972
Belgium-Real Estate Activities,0.00360515649904
Belgium-Renting of M&Eq and Other Business Activities,0.0440081751491
Belgium-Public Admin and Defence; Compulsory Social Security,0.00898754200837
Belgium-Education,0.0137614352112
Belgium-Health and Social Work,0.0107204301813
"Belgium-Other Community, Social and Personal Services",0.027481035278
Belgium-Private Households with Employed Persons,0.028826456058
"Bulgaria-Agriculture, Hunting, Forestry and Fishing",0.0206244391927
Bulgaria-Mining and Quarrying,0.0245204386277
"Bulgaria-Food, Beverages and Tobacco",0.018411190008
Bulgaria-Textiles and Textile Products,0.030153674912
"Bulgaria-Leather, Leather and Footwear",0.0294525675847
Bulgaria-Wood and Products of Wood and Cork,0.029828442667
"Bulgaria-Pulp, Paper, Paper , Printing and Publishing",0.0309618648893
"Bulgaria-Coke, Refined Petroleum and Nuclear Fuel",0.0234826807455
Bulgaria-Chemicals and Chemical Products,0.0323270330219
Bulgaria-Rubber and Plastics,0.0309450067985
Bulgaria-Other Non-Metallic Mineral,0.0282827629326
Bulgaria-Basic Metals and Fabricated Metal,0.0371231929706
"Bulgaria-Machinery, Nec",0.0321128857765
Bulgaria-Electrical and Optical Equipment,0.0315695208694
Bulgaria-Transport Equipment,0.0305420474001
"Bulgaria-Manufacturing, Nec; Recycling",0.0301769201267
"Bulgaria-Electricity, Gas and Water Supply",0.0282365234223
Bulgaria-Construction,0.0301729106327
"Bulgaria-Sale, Maintenance and Repair of Motor Vehicles and Motorcycles; Retail Sale of Fuel",0.0290522719871
"Bulgaria-Wholesale Trade and Commission Trade, Except of Motor Vehicles and Motorcycles",0.0239794888599
"Bulgaria-Retail Trade, Except of Motor Vehicles and Motorcycles; Repair of Household Goods",0.0278136315515
Bulgaria-Hotels and Restaurants,0.0242300731714
Bulgaria-Inland Transport,0.0256694522674
Bulgaria-Water Transport,0.0300062096848
Bulgaria-Air Transport,0.0298559932256
Bulgaria-Other Supporting and Auxiliary Transport Activities; Activities of Travel Agencies,0.0298096008663
Bulgaria-Post and Telecommunications,0.0251492935213
Bulgaria-Financial Intermediation,0.0274190833876
Bulgaria-Real Estate Activities,0.0037511815867
Bulgaria-Renting of M&Eq and Other Business Activities,0.0278484886705
Bulgaria-Public Admin and Defence; Compulsory Social Security,0.0172888592164
Bulgaria-Education,0.021833308683
Bulgaria-Health and Social Work,0.026329787294
"Bulgaria-Other Community, Social and Personal Services",0.0250181319729
Bulgaria-Private Households with Employed Persons,0.0293900979669
"Brazil-Agriculture, Hunting, Forestry and Fishing",0.025829403441
Brazil-Mining and Quarrying,-0.0336538060133
"Brazil-Food, Beverages and Tobacco",0.0168623284248
Brazil-Textiles and Textile Products,0.0249269856646
"Brazil-Leather, Leather and Footwear",0.0325563486306
Brazil-Wood and Products of Wood and Cork,0.0306157296863
"Brazil-Pulp, Paper, Paper , Printing and Publishing",0.0311331284104
"Brazil-Coke, Refined Petroleum and Nuclear Fuel",0.0982283194622
Brazil-Chemicals and Chemical Products,0.0497174837777
Brazil-Rubber and Plastics,0.0353286508542
Brazil-Other Non-Metallic Mineral,0.0272223365582
Brazil-Basic Metals and Fabricated Metal,0.0401741647902
"Brazil-Machinery, Nec",0.0424271758161
Brazil-Electrical and Optical Equipment,0.0768924921403
Brazil-Transport Equipment,0.079990596909
"Brazil-Manufacturing, Nec; Recycling",0.0280894471942
"Brazil-Electricity, Gas and Water Supply",6.51100867522e-05
Brazil-Construction,-0.00119218600366
"Brazil-Sale, Maintenance and Repair of Motor Vehicles and Motorcycles; Retail Sale of Fuel",0.0181159931249
"Brazil-Wholesale Trade and Commission Trade, Except of Motor Vehicles and Motorcycles",-0.00744128589971
"Brazil-Retail Trade, Except of Motor Vehicles and Motorcycles; Repair of Household Goods",-0.0256867698398
Brazil-Hotels and Restaurants,0.0105076482264
Brazil-Inland Transport,0.00944802560248
Brazil-Water Transport,0.02827580261
Brazil-Air Transport,0.027596631088
Brazil-Other Supporting and Auxiliary Transport Activities; Activities of Travel Agencies,0.0198690076572
Brazil-Post and Telecommunications,0.0155995839945
Brazil-Financial Intermediation,-0.0402831269141
Brazil-Real Estate Activities,-0.0467508800696
Brazil-Renting of M&Eq and Other Business Activities,-0.0181250145917
Brazil-Public Admin and Defence; Compulsory Social Security,-0.080518383263
Brazil-Education,-0.017001780832
Brazil-Health and Social Work,0.0104723199157
"Brazil-Other Community, Social and Personal Services",0.000279235531025
Brazil-Private Households with Employed Persons,0.0293900979678
"Canada-Agriculture, Hunting, Forestry and Fishing",0.0397343549302
Canada-Mining and Quarrying,0.0637730780046
"Canada-Food, Beverages and Tobacco",0.0318159776442
Canada-Textiles and Textile Products,0.0321538657344
"Canada-Leather, Leather and Footwear",0.0296101196089
Canada-Wood and Products of Wood and Cork,0.0328037614223
"Canada-Pulp, Paper, Paper , Printing and Publishing",0.0408343953454
"Canada-Coke, Refined Petroleum and Nuclear Fuel",0.042132512551
Canada-Chemicals and Chemical Products,0.0429240249999
Canada-Rubber and Plastics,0.0353143316389
Canada-Other Non-Metallic Mineral,0.0287194685571
Canada-Basic Metals and Fabricated Metal,0.049046495672
"Canada-Machinery, Nec",0.0404859623632
Canada-Electrical and Optical Equipment,0.0442333501835
Canada-Transport Equipment,0.0636422530396
"Canada-Manufacturing, Nec; Recycling",0.0361031640989
"Canada-Electricity, Gas and Water Supply",0.0269266591189
Canada-Construction,0.0141769352486
"Canada-Sale, Maintenance and Repair of Motor Vehicles and Motorcycles; Retail Sale of Fuel",0.0278975064992
"Canada-Wholesale Trade and Commission Trade, Except of Motor Vehicles and Motorcycles",0.0235523503436
"Canada-Retail Trade, Except of Motor Vehicles and Motorcycles; Repair of Household Goods",0.00801630533722
Canada-Hotels and Restaurants,0.0317270017521
Canada-Inland Transport,0.0277631661037
Canada-Water Transport,0.0297215207469
Canada-Air Transport,0.0315020999487
Canada-Other Supporting and Auxiliary Transport Activities; Activities of Travel Agencies,0.0285416530886
Canada-Post and Telecommunications,0.0236697577507
Canada-Financial Intermediation,0.0032056171239
Canada-Real Estate Activities,-0.00661519723076
Canada-Renting of M&Eq and Other Business Activities,0.0164896166605
Canada-Public Admin and Defence; Compulsory Social Security,-0.0151114772816
Canada-Education,0.00879245294607
Canada-Health and Social Work,0.00864559552693
"Canada-Other Community, Social and Personal Services",0.0252027964074
Canada-Private Households with Employed Persons,0.0287106467348
"China-Agriculture, Hunting, Forestry and Fishing",0.0194797550851
China-Mining and Quarrying,0.0119886474305
"China-Food, Beverages and Tobacco",0.0287581220042
China-Textiles and Textile Products,0.204277471502
"China-Leather, Leather and Footwear",0.0668725245179
China-Wood and Products of Wood and Cork,0.0376096508095
"China-Pulp, Paper, Paper , Printing and Publishing",0.0351006766286
"China-Coke, Refined Petroleum and Nuclear Fuel",0.0657769504326
China-Chemicals and Chemical Products,0.113263959645
China-Rubber and Plastics,0.0697148090606
China-Other Non-Metallic Mineral,0.0331981988426
China-Basic Metals and Fabricated Metal,0.105582070994
"China-Machinery, Nec",0.115121854945
China-Electrical and Optical Equipment,0.52572613282
China-Transport Equipment,0.0706602117243
"China-Manufacturing, Nec; Recycling",0.079900053315
"China-Electricity, Gas and Water Supply",0.0247870772137
China-Construction,-0.0035050250075
"China-Sale, Maintenance and Repair of Motor Vehicles and Motorcycles; Retail Sale of Fuel",0.0293900979676
"China-Wholesale Trade and Commission Trade, Except of Motor Vehicles and Motorcycles",0.0268781832596
"China-Retail Trade, Except of Motor Vehicles and Motorcycles; Repair of Household Goods",0.0303466596214
China-Hotels and Restaurants,0.0338407032864
China-Inland Transport,0.0327179799553
China-Water Transport,0.0394988101033
China-Air Transport,0.0523653040974
China-Other Supporting and Auxiliary Transport Activities; Activities of Travel Agencies,0.0344391004415
China-Post and Telecommunications,0.0403218552472
China-Financial Intermediation,0.0185501963811
China-Real Estate Activities,0.0104571891178
China-Renting of M&Eq and Other Business Activities,0.0851248445819
China-Public Admin and Defence; Compulsory Social Security,0.00723773496245
China-Education,0.0167794477695
China-Health and Social Work,0.0278386658758
"China-Other Community, Social and Personal Services",0.0440653658905
China-Private Households with Employed Persons,0.0293900979671
"Cyprus-Agriculture, Hunting, Forestry and Fishing",0.0286109692806
Cyprus-Mining and Quarrying,0.0292148680591
"Cyprus-Food, Beverages and Tobacco",0.0255114734529
Cyprus-Textiles and Textile Products,0.0294999928132
"Cyprus-Leather, Leather and Footwear",0.0293391695595
Cyprus-Wood and Products of Wood and Cork,0.0289137943433
"Cyprus-Pulp, Paper, Paper , Printing and Publishing",0.0290087853965
"Cyprus-Coke, Refined Petroleum and Nuclear Fuel",0.0293900979677
Cyprus-Chemicals and Chemical Products,0.0301183442666
Cyprus-Rubber and Plastics,0.030121067449
Cyprus-Other Non-Metallic Mineral,0.0263106999664
Cyprus-Basic Metals and Fabricated Metal,0.0331484250752
"Cyprus-Machinery, Nec",0.0298933528231
Cyprus-Electrical and Optical Equipment,0.0297587985674
Cyprus-Transport Equipment,0.0294374053384
"Cyprus-Manufacturing, Nec; Recycling",0.029492127372
"Cyprus-Electricity, Gas and Water Supply",0.0448644607161
Cyprus-Construction,0.0158478714972
"Cyprus-Sale, Maintenance and Repair of Motor Vehicles and Motorcycles; Retail Sale of Fuel",0.025644019061
"Cyprus-Wholesale Trade and Commission Trade, Except of Motor Vehicles and Motorcycles",0.0244470444125
"Cyprus-Retail Trade, Except of Motor Vehicles and Motorcycles; Repair of Household Goods",0.01907563898
Cyprus-Hotels and Restaurants,0.00732569420519
Cyprus-Inland Transport,0.0290124943775
Cyprus-Water Transport,0.0297677246414
Cyprus-Air Transport,0.0325897204511
Cyprus-Other Supporting and Auxiliary Transport Activities; Activities of Travel Agencies,0.0291148515697
Cyprus-Post and Telecommunications,0.0248150510576
Cyprus-Financial Intermediation,0.0126894947011
Cyprus-Real Estate Activities,-0.00783530649404
Cyprus-Renting of M&Eq and Other Business Activities,0.0198205693313
Cyprus-Public Admin and Defence; Compulsory Social Security,0.0118519012484
Cyprus-Education,0.0152321962841
Cyprus-Health and Social Work,0.0248396226226
"Cyprus-Other Community, Social and Personal Services",0.018501036815
Cyprus-Private Households with Employed Persons,0.0273536563939
"Czech Republic-Agriculture, Hunting, Forestry and Fishing",0.0338909954899
Czech Republic-Mining and Quarrying,0.0303676182425
"Czech Republic-Food, Beverages and Tobacco",0.0271864331479
Czech Republic-Textiles and Textile Products,0.033921205706
"Czech Republic-Leather, Leather and Footwear",0.0301061955102
Czech Republic-Wood and Products of Wood and Cork,0.0327298032268
"Czech Republic-Pulp, Paper, Paper , Printing and Publishing",0.0352434457882
"Czech Republic-Coke, Refined Petroleum and Nuclear Fuel",0.0424696015005
Czech Republic-Chemicals and Chemical Products,0.041249613214
Czech Republic-Rubber and Plastics,0.0388403704754
Czech Republic-Other Non-Metallic Mineral,0.0382707963204
Czech Republic-Basic Metals and Fabricated Metal,0.0448505616531
"Czech Republic-Machinery, Nec",0.0470494445389
Czech Republic-Electrical and Optical Equipment,0.0591151772333
Czech Republic-Transport Equipment,0.0594241037642
"Czech Republic-Manufacturing, Nec; Recycling",0.0347873590058
"Czech Republic-Electricity, Gas and Water Supply",0.0329736077773
Czech Republic-Construction,0.00903720114485
"Czech Republic-Sale, Maintenance and Repair of Motor Vehicles and Motorcycles; Retail Sale of Fuel",0.0297778142572
"Czech Republic-Wholesale Trade and Commission Trade, Except of Motor Vehicles and Motorcycles",0.0247252739607
"Czech Republic-Retail Trade, Except of Motor Vehicles and Motorcycles; Repair of Household Goods",0.0239013390615
Czech Republic-Hotels and Restaurants,0.0303935522071
Czech Republic-Inland Transport,0.0318025846223
Czech Republic-Water Transport,0.0294502223423
Czech Republic-Air Transport,0.031625241904
Czech Republic-Other Supporting and Auxiliary Transport Activities; Activities of Travel Agencies,0.0222035440712
Czech Republic-Post and Telecommunications,0.0263078329916
Czech Republic-Financial Intermediation,0.0230901683702
Czech Republic-Real Estate Activities,0.0147527767667
Czech Republic-Renting of M&Eq and Other Business Activities,0.028778661868
Czech Republic-Public Admin and Defence; Compulsory Social Security,0.0116257455815
Czech Republic-Education,0.0187698596161
Czech Republic-Health and Social Work,0.0214667324734
"Czech Republic-Other Community, Social and Personal Services",0.0223576013681
Czech Republic-Private Households with Employed Persons,0.0293708043537
"Germany-Agriculture, Hunting, Forestry and Fishing",0.0443469683497
Germany-Mining and Quarrying,0.0333742278762
"Germany-Food, Beverages and Tobacco",0.127696396125
Germany-Textiles and Textile Products,0.0920807865133
"Germany-Leather, Leather and Footwear",0.0426163365493
Germany-Wood and Products of Wood and Cork,0.0477238649591
"Germany-Pulp, Paper, Paper , Printing and Publishing",0.104368118663
"Germany-Coke, Refined Petroleum and Nuclear Fuel",0.0822217171916
Germany-Chemicals and Chemical Products,0.264273508642
Germany-Rubber and Plastics,0.102658820036
Germany-Other Non-Metallic Mineral,0.0647269333288
Germany-Basic Metals and Fabricated Metal,0.193794663418
"Germany-Machinery, Nec",0.330175203557
Germany-Electrical and Optical Equipment,0.308859269159
Germany-Transport Equipment,0.448204777264
"Germany-Manufacturing, Nec; Recycling",0.0735776378659
"Germany-Electricity, Gas and Water Supply",0.0581131191189
Germany-Construction,0.0213226915893
"Germany-Sale, Maintenance and Repair of Motor Vehicles and Motorcycles; Retail Sale of Fuel",0.024349083848
"Germany-Wholesale Trade and Commission Trade, Except of Motor Vehicles and Motorcycles",0.0321427469677
"Germany-Retail Trade, Except of Motor Vehicles and Motorcycles; Repair of Household Goods",0.0146190987659
Germany-Hotels and Restaurants,0.0392834474792
Germany-Inland Transport,0.0401711698998
Germany-Water Transport,0.0432723712271
Germany-Air Transport,0.043873846019
Germany-Other Supporting and Auxiliary Transport Activities; Activities of Travel Agencies,0.0437716048089
Germany-Post and Telecommunications,0.036724436762
Germany-Financial Intermediation,0.0265916424716
Germany-Real Estate Activities,-0.00643243426709
Germany-Renting of M&Eq and Other Business Activities,0.078226308477
Germany-Public Admin and Defence; Compulsory Social Security,0.0102458363258
Germany-Education,0.0117785541936
Germany-Health and Social Work,-0.00211839981881
"Germany-Other Community, Social and Personal Services",0.0159912758614
Germany-Private Households with Employed Persons,0.0281012788677
"Denmark-Agriculture, Hunting, Forestry and Fishing",0.0323982104576
Denmark-Mining and Quarrying,0.0277345371229
"Denmark-Food, Beverages and Tobacco",0.0539782792109
Denmark-Textiles and Textile Products,0.0337470577176
"Denmark-Leather, Leather and Footwear",0.0296181545789
Denmark-Wood and Products of Wood and Cork,0.0307206663739
"Denmark-Pulp, Paper, Paper , Printing and Publishing",0.0311105967355
"Denmark-Coke, Refined Petroleum and Nuclear Fuel",0.0323437317094
Denmark-Chemicals and Chemical Products,0.048000770862
Denmark-Rubber and Plastics,0.0333713389508
Denmark-Other Non-Metallic Mineral,0.0307390814856
Denmark-Basic Metals and Fabricated Metal,0.0360442620516
"Denmark-Machinery, Nec",0.0483748799013
Denmark-Electrical and Optical Equipment,0.0463327879013
Denmark-Transport Equipment,0.0350620880525
"Denmark-Manufacturing, Nec; Recycling",0.0369535460697
"Denmark-Electricity, Gas and Water Supply",0.0291864905397
Denmark-Construction,0.0281641092566
"Denmark-Sale, Maintenance and Repair of Motor Vehicles and Motorcycles; Retail Sale of Fuel",0.0277783983201
"Denmark-Wholesale Trade and Commission Trade, Except of Motor Vehicles and Motorcycles",0.0190928102562
"Denmark-Retail Trade, Except of Motor Vehicles and Motorcycles; Repair of Household Goods",0.0177022355496
Denmark-Hotels and Restaurants,0.023898435961
Denmark-Inland Transport,0.0336144505129
Denmark-Water Transport,0.0391891052528
Denmark-Air Transport,0.0330327646158
Denmark-Other Supporting and Auxiliary Transport Activities; Activities of Travel Agencies,0.0315444382738
Denmark-Post and Telecommunications,0.0280617040208
Denmark-Financial Intermediation,0.0143253179778
Denmark-Real Estate Activities,-0.00881605160844
Denmark-Renting of M&Eq and Other Business Activities,0.0179235584424
Denmark-Public Admin and Defence; Compulsory Social Security,0.00912895851205
Denmark-Education,0.00776577614948
Denmark-Health and Social Work,-0.0090772890216
"Denmark-Other Community, Social and Personal Services",0.0194127127496
Denmark-Private Households with Employed Persons,0.0289014404095
"Spain-Agriculture, Hunting, Forestry and Fishing",0.0460134523891
Spain-Mining and Quarrying,0.0307753679125
"Spain-Food, Beverages and Tobacco",0.0609391132712
Spain-Textiles and Textile Products,0.0540846994329
"Spain-Leather, Leather and Footwear",0.0367076678545
Spain-Wood and Products of Wood and Cork,0.0339071196945
"Spain-Pulp, Paper, Paper , Printing and Publishing",0.0424744055173
"Spain-Coke, Refined Petroleum and Nuclear Fuel",0.0813981042141
Spain-Chemicals and Chemical Products,0.0778277420655
Spain-Rubber and Plastics,0.0425004029069
Spain-Other Non-Metallic Mineral,0.0467438004429
Spain-Basic Metals and Fabricated Metal,0.0636329527812
"Spain-Machinery, Nec",0.056677170995
Spain-Electrical and Optical Equipment,0.0614999499456
Spain-Transport Equipment,0.116755153236
"Spain-Manufacturing, Nec; Recycling",0.0377338931337
"Spain-Electricity, Gas and Water Supply",0.0426383840711
Spain-Construction,-0.0377075704448
"Spain-Sale, Maintenance and Repair of Motor Vehicles and Motorcycles; Retail Sale of Fuel",0.0315658926138
"Spain-Wholesale Trade and Commission Trade, Except of Motor Vehicles and Motorcycles",0.0200096475684
"Spain-Retail Trade, Except of Motor Vehicles and Motorcycles; Repair of Household Goods",0.0140530098757
Spain-Hotels and Restaurants,-0.00658773124308
Spain-Inland Transport,0.038997156469
Spain-Water Transport,0.0306792119809
Spain-Air Transport,0.0387797306838
Spain-Other Supporting and Auxiliary Transport Activities; Activities of Travel Agencies,0.0282683191862
Spain-Post and Telecommunications,0.0273196820858
Spain-Financial Intermediation,0.025615380809
Spain-Real Estate Activities,-0.00879209721392
Spain-Renting of M&Eq and Other Business Activities,0.0506112928431
Spain-Public Admin and Defence; Compulsory Social Security,0.00971674549968
Spain-Education,0.011185791003
Spain-Health and Social Work,0.0125250581405
"Spain-Other Community, Social and Personal Services",0.0163026657217
Spain-Private Households with Employed Persons,0.0293900979668
"Estonia-Agriculture, Hunting, Forestry and Fishing",0.0290863186332
Estonia-Mining and Quarrying,0.0299389220585
"Estonia-Food, Beverages and Tobacco",0.0298420302638
Estonia-Textiles and Textile Products,0.0320667343991
"Estonia-Leather, Leather and Footwear",0.0298801143535
Estonia-Wood and Products of Wood and Cork,0.031924121603
"Estonia-Pulp, Paper, Paper , Printing and Publishing",0.0306755813247
"Estonia-Coke, Refined Petroleum and Nuclear Fuel",0.0293591793085
Estonia-Chemicals and Chemical Products,0.0318204542765
Estonia-Rubber and Plastics,0.0315729153418
Estonia-Other Non-Metallic Mineral,0.0304495598073
Estonia-Basic Metals and Fabricated Metal,0.0338989287616
"Estonia-Machinery, Nec",0.0313206532816
Estonia-Electrical and Optical Equipment,0.0367513362672
Estonia-Transport Equipment,0.0326565120928
"Estonia-Manufacturing, Nec; Recycling",0.0316143545037
"Estonia-Electricity, Gas and Water Supply",0.0279647606244
Estonia-Construction,0.0187790944067
"Estonia-Sale, Maintenance and Repair of Motor Vehicles and Motorcycles; Retail Sale of Fuel",0.0266022840053
"Estonia-Wholesale Trade and Commission Trade, Except of Motor Vehicles and Motorcycles",0.0186575000494
"Estonia-Retail Trade, Except of Motor Vehicles and Motorcycles; Repair of Household Goods",0.0201525636847
Estonia-Hotels and Restaurants,0.0238448826699
Estonia-Inland Transport,0.0268472398321
Estonia-Water Transport,0.0292832386043
Estonia-Air Transport,0.0298322041168
Estonia-Other Supporting and Auxiliary Transport Activities; Activities of Travel Agencies,0.0268378505545
Estonia-Post and Telecommunications,0.0273073264396
Estonia-Financial Intermediation,0.0245884664975
Estonia-Real Estate Activities,0.00996068239554
Estonia-Renting of M&Eq and Other Business Activities,0.027427485867
Estonia-Public Admin and Defence; Compulsory Social Security,0.0170673822598
Estonia-Education,0.0194392174296
Estonia-Health and Social Work,0.0238408972664
"Estonia-Other Community, Social and Personal Services",0.0220287790184
Estonia-Private Households with Employed Persons,0.0293900979677
"Finland-Agriculture, Hunting, Forestry and Fishing",0.0284566334979
Finland-Mining and Quarrying,0.029254518662
"Finland-Food, Beverages and Tobacco",0.0279974793989
Finland-Textiles and Textile Products,0.0323640905098
"Finland-Leather, Leather and Footwear",0.0301539910662
Finland-Wood and Products of Wood and Cork,0.0323064907777
"Finland-Pulp, Paper, Paper , Printing and Publishing",0.0484487409844
"Finland-Coke, Refined Petroleum and Nuclear Fuel",0.0583389067104
Finland-Chemicals and Chemical Products,0.0410636139673
Finland-Rubber and Plastics,0.0338837509667
Finland-Other Non-Metallic Mineral,0.0326067240608
Finland-Basic Metals and Fabricated Metal,0.0529147906846
"Finland-Machinery, Nec",0.0545186193317
Finland-Electrical and Optical Equipment,0.0772908364155
Finland-Transport Equipment,0.0390534152398
"Finland-Manufacturing, Nec; Recycling",0.0316507237339
"Finland-Electricity, Gas and Water Supply",0.0311372229677
Finland-Construction,0.00902515657457
"Finland-Sale, Maintenance and Repair of Motor Vehicles and Motorcycles; Retail Sale of Fuel",0.0240550445197
"Finland-Wholesale Trade and Commission Trade, Except of Motor Vehicles and Motorcycles",0.019152146504
"Finland-Retail Trade, Except of Motor Vehicles and Motorcycles; Repair of Household Goods",0.0184161517848
Finland-Hotels and Restaurants,0.0204352820705
Finland-Inland Transport,0.0268655546456
Finland-Water Transport,0.0318780662778
Finland-Air Transport,0.0322986654872
Finland-Other Supporting and Auxiliary Transport Activities; Activities of Travel Agencies,0.026309811023
Finland-Post and Telecommunications,0.025232691869
Finland-Financial Intermediation,0.0215975648422
Finland-Real Estate Activities,-0.0173351261194
Finland-Renting of M&Eq and Other Business Activities,0.030432932829
Finland-Public Admin and Defence; Compulsory Social Security,0.0124640183426
Finland-Education,0.00853093125134
Finland-Health and Social Work,-0.00659945340149
"Finland-Other Community, Social and Personal Services",0.0145214647408
Finland-Private Households with Employed Persons,0.0290797973574
"France-Agriculture, Hunting, Forestry and Fishing",0.0515762350365
France-Mining and Quarrying,0.0332560536836
"France-Food, Beverages and Tobacco",0.0759039149568
France-Textiles and Textile Products,0.0560396760357
"France-Leather, Leather and Footwear",0.0366649604713
France-Wood and Products of Wood and Cork,0.0333508789716
"France-Pulp, Paper, Paper , Printing and Publishing",0.044700531017
"France-Coke, Refined Petroleum and Nuclear Fuel",0.0817145801857
France-Chemicals and Chemical Products,0.151184340594
France-Rubber and Plastics,0.0503468845792
France-Other Non-Metallic Mineral,0.0400044184881
France-Basic Metals and Fabricated Metal,0.0693994638432
"France-Machinery, Nec",0.0959784594298
France-Electrical and Optical Equipment,0.113586791758
France-Transport Equipment,0.184019619176
"France-Manufacturing, Nec; Recycling",0.0476748881022
"France-Electricity, Gas and Water Supply",0.0426756426068
France-Construction,0.00349924625661
"France-Sale, Maintenance and Repair of Motor Vehicles and Motorcycles; Retail Sale of Fuel",0.0245283874365
"France-Wholesale Trade and Commission Trade, Except of Motor Vehicles and Motorcycles",0.00877740628788
"France-Retail Trade, Except of Motor Vehicles and Motorcycles; Repair of Household Goods",0.0101727528498
France-Hotels and Restaurants,0.0139819733917
France-Inland Transport,0.0281301067879
France-Water Transport,0.0327603198475
France-Air Transport,0.0429133051692
France-Other Supporting and Auxiliary Transport Activities; Activities of Travel Agencies,0.0347182573877
France-Post and Telecommunications,0.0325016896393
France-Financial Intermediation,0.0145662918635
France-Real Estate Activities,-0.0421025483078
France-Renting of M&Eq and Other Business Activities,0.0395627656274
France-Public Admin and Defence; Compulsory Social Security,-0.00876096892567
France-Education,0.00309764887158
France-Health and Social Work,-0.00857667176142
"France-Other Community, Social and Personal Services",0.0151159606976
France-Private Households with Employed Persons,0.0268687956113
"UK-Agriculture, Hunting, Forestry and Fishing",0.0325440737471
UK-Mining and Quarrying,0.0528554977616
"UK-Food, Beverages and Tobacco",0.0612578829918
UK-Textiles and Textile Products,0.0607342435279
"UK-Leather, Leather and Footwear",0.0326176488084
UK-Wood and Products of Wood and Cork,0.0319481929891
"UK-Pulp, Paper, Paper , Printing and Publishing",0.0475456656507
"UK-Coke, Refined Petroleum and Nuclear Fuel",0.0642235651204
UK-Chemicals and Chemical Products,0.120236678458
UK-Rubber and Plastics,0.0453612796003
UK-Other Non-Metallic Mineral,0.0382701942385
UK-Basic Metals and Fabricated Metal,0.0664543956502
"UK-Machinery, Nec",0.0804582906606
UK-Electrical and Optical Equipment,0.11752278907
UK-Transport Equipment,0.119377414667
"UK-Manufacturing, Nec; Recycling",0.047673440349
"UK-Electricity, Gas and Water Supply",0.0326251499351
UK-Construction,0.0054301401689
"UK-Sale, Maintenance and Repair of Motor Vehicles and Motorcycles; Retail Sale of Fuel",0.0243043213866
"UK-Wholesale Trade and Commission Trade, Except of Motor Vehicles and Motorcycles",0.0120830471886
"UK-Retail Trade, Except of Motor Vehicles and Motorcycles; Repair of Household Goods",0.0103094227744
UK-Hotels and Restaurants,0.0598862988889
UK-Inland Transport,0.0264463064438
UK-Water Transport,0.0358289041071
UK-Air Transport,0.0411473966705
UK-Other Supporting and Auxiliary Transport Activities; Activities of Travel Agencies,0.0306491923463
UK-Post and Telecommunications,0.0450864251181
UK-Financial Intermediation,0.088410968541
UK-Real Estate Activities,-0.0117523714589
UK-Renting of M&Eq and Other Business Activities,0.105325331358
UK-Public Admin and Defence; Compulsory Social Security,0.0189443536095
UK-Education,0.0165585618456
UK-Health and Social Work,-0.00366101466934
"UK-Other Community, Social and Personal Services",0.0446696946845
UK-Private Households with Employed Persons,0.0275314167655
"Greece-Agriculture, Hunting, Forestry and Fishing",0.0251578095737
Greece-Mining and Quarrying,0.0284223501658
"Greece-Food, Beverages and Tobacco",0.0257041469836
Greece-Textiles and Textile Products,0.0341743959147
"Greece-Leather, Leather and Footwear",0.0298227500695
Greece-Wood and Products of Wood and Cork,0.0298062853513
"Greece-Pulp, Paper, Paper , Printing and Publishing",0.0305624978145
"Greece-Coke, Refined Petroleum and Nuclear Fuel",0.0802538883297
Greece-Chemicals and Chemical Products,0.0390983985934
Greece-Rubber and Plastics,0.0317748737997
Greece-Other Non-Metallic Mineral,0.0267126774897
Greece-Basic Metals and Fabricated Metal,0.0451520493548
"Greece-Machinery, Nec",0.034220402439
Greece-Electrical and Optical Equipment,0.0329862474107
Greece-Transport Equipment,0.0316811289857
"Greece-Manufacturing, Nec; Recycling",0.0304032784523
"Greece-Electricity, Gas and Water Supply",0.023725267418
Greece-Construction,0.0153477498755
"Greece-Sale, Maintenance and Repair of Motor Vehicles and Motorcycles; Retail Sale of Fuel",0.0187657395083
"Greece-Wholesale Trade and Commission Trade, Except of Motor Vehicles and Motorcycles",0.00763668399888
"Greece-Retail Trade, Except of Motor Vehicles and Motorcycles; Repair of Household Goods",0.00899230894255
Greece-Hotels and Restaurants,-0.000679014508055
Greece-Inland Transport,0.0313675462428
Greece-Water Transport,0.0375158974867
Greece-Air Transport,0.0314781398251
Greece-Other Supporting and Auxiliary Transport Activities; Activities of Travel Agencies,0.0313307846895
Greece-Post and Telecommunications,0.0235941031056
Greece-Financial Intermediation,0.0144610381445
Greece-Real Estate Activities,-0.0075584121063
Greece-Renting of M&Eq and Other Business Activities,0.0208893949155
Greece-Public Admin and Defence; Compulsory Social Security,0.00234266190935
Greece-Education,0.00823849946651
Greece-Health and Social Work,0.0237920558274
"Greece-Other Community, Social and Personal Services",0.0144956521841
Greece-Private Households with Employed Persons,0.0265834606035
"Hungary-Agriculture, Hunting, Forestry and Fishing",0.0267934151607
Hungary-Mining and Quarrying,0.0293305917999
"Hungary-Food, Beverages and Tobacco",0.0244345310192
Hungary-Textiles and Textile Products,0.0316899163871
"Hungary-Leather, Leather and Footwear",0.030134909601
Hungary-Wood and Products of Wood and Cork,0.0304429674275
"Hungary-Pulp, Paper, Paper , Printing and Publishing",0.0313288441757
"Hungary-Coke, Refined Petroleum and Nuclear Fuel",0.0358398724205
Hungary-Chemicals and Chemical Products,0.039456298102
Hungary-Rubber and Plastics,0.0342179859566
Hungary-Other Non-Metallic Mineral,0.0302291255942
Hungary-Basic Metals and Fabricated Metal,0.0364826711824
"Hungary-Machinery, Nec",0.0360834988636
Hungary-Electrical and Optical Equipment,0.0607163913215
Hungary-Transport Equipment,0.0467834968876
"Hungary-Manufacturing, Nec; Recycling",0.0301604493114
"Hungary-Electricity, Gas and Water Supply",0.0398024655376
Hungary-Construction,0.0255143976724
"Hungary-Sale, Maintenance and Repair of Motor Vehicles and Motorcycles; Retail Sale of Fuel",0.0290147283483
"Hungary-Wholesale Trade and Commission Trade, Except of Motor Vehicles and Motorcycles",0.027295427567
"Hungary-Retail Trade, Except of Motor Vehicles and Motorcycles; Repair of Household Goods",0.0248936632242
Hungary-Hotels and Restaurants,0.0260192270085
Hungary-Inland Transport,0.0312722500994
Hungary-Water Transport,0.0294772563156
Hungary-Air Transport,0.0313911532106
Hungary-Other Supporting and Auxiliary Transport Activities; Activities of Travel Agencies,0.0305078840017
Hungary-Post and Telecommunications,0.0256929724218
Hungary-Financial Intermediation,0.0195081694677
Hungary-Real Estate Activities,0.0138646018448
Hungary-Renting of M&Eq and Other Business Activities,0.0271440052667
Hungary-Public Admin and Defence; Compulsory Social Security,0.0108198497845
Hungary-Education,0.016799578517
Hungary-Health and Social Work,0.0203275426166
"Hungary-Other Community, Social and Personal Services",0.0242308149674
Hungary-Private Households with Employed Persons,0.0293900979669
"Indonesia-Agriculture, Hunting, Forestry and Fishing",-0.0170493547917
Indonesia-Mining and Quarrying,0.0197535292529
"Indonesia-Food, Beverages and Tobacco",-0.00393416874302
Indonesia-Textiles and Textile Products,0.0425291696797
"Indonesia-Leather, Leather and Footwear",0.0314082472548
Indonesia-Wood and Products of Wood and Cork,0.0272787188749
"Indonesia-Pulp, Paper, Paper , Printing and Publishing",0.0364701664165
"Indonesia-Coke, Refined Petroleum and Nuclear Fuel",0.0303948553158
Indonesia-Chemicals and Chemical Products,0.044075977063
Indonesia-Rubber and Plastics,0.037652960517
Indonesia-Other Non-Metallic Mineral,0.0237859065105
Indonesia-Basic Metals and Fabricated Metal,0.0333538015896
"Indonesia-Machinery, Nec",0.0373940071404
Indonesia-Electrical and Optical Equipment,0.0396405589384
Indonesia-Transport Equipment,0.0266031270713
"Indonesia-Manufacturing, Nec; Recycling",0.031958763626
"Indonesia-Electricity, Gas and Water Supply",0.0316983031394
Indonesia-Construction,0.0098549794176
"Indonesia-Sale, Maintenance and Repair of Motor Vehicles and Motorcycles; Retail Sale of Fuel",0.0293900979669
"Indonesia-Wholesale Trade and Commission Trade, Except of Motor Vehicles and Motorcycles",-0.00765077667012
"Indonesia-Retail Trade, Except of Motor Vehicles and Motorcycles; Repair of Household Goods",0.00457607861297
Indonesia-Hotels and Restaurants,0.0165078405934
Indonesia-Inland Transport,0.0360456322026
Indonesia-Water Transport,0.0329638998369
Indonesia-Air Transport,0.0292978492335
Indonesia-Other Supporting and Auxiliary Transport Activities; Activities of Travel Agencies,0.0284125875431
Indonesia-Post and Telecommunications,0.0187369619974
Indonesia-Financial Intermediation,0.0116152655902
Indonesia-Real Estate Activities,0.0242375876869
Indonesia-Renting of M&Eq and Other Business Activities,0.0236578462916
Indonesia-Public Admin and Defence; Compulsory Social Security,0.0197984078849
Indonesia-Education,0.025412171172
Indonesia-Health and Social Work,0.0275042936522
"Indonesia-Other Community, Social and Personal Services",0.0116484636616
Indonesia-Private Households with Employed Persons,0.0293900979674
"India-Agriculture, Hunting, Forestry and Fishing",-0.0446757153007
India-Mining and Quarrying,0.022399705615
"India-Food, Beverages and Tobacco",0.00618796953119
India-Textiles and Textile Products,0.0494301360109
"India-Leather, Leather and Footwear",0.0311073894397
India-Wood and Products of Wood and Cork,0.0303242779042
"India-Pulp, Paper, Paper , Printing and Publishing",0.0301605217885
"India-Coke, Refined Petroleum and Nuclear Fuel",0.118301076336
India-Chemicals and Chemical Products,0.0565414326815
India-Rubber and Plastics,0.0311540042787
India-Other Non-Metallic Mineral,0.0276718097076
India-Basic Metals and Fabricated Metal,0.0412619407699
"India-Machinery, Nec",0.0365948768177
India-Electrical and Optical Equipment,0.041815685493
India-Transport Equipment,0.0372919868654
"India-Manufacturing, Nec; Recycling",0.0641117553839
"India-Electricity, Gas and Water Supply",0.0230599355651
India-Construction,0.0362155459264
"India-Sale, Maintenance and Repair of Motor Vehicles and Motorcycles; Retail Sale of Fuel",0.0253294323021
"India-Wholesale Trade and Commission Trade, Except of Motor Vehicles and Motorcycles",-0.00121735063742
"India-Retail Trade, Except of Motor Vehicles and Motorcycles; Repair of Household Goods",-0.0213359303833
India-Hotels and Restaurants,0.0311445673644
India-Inland Transport,0.0381373368221
India-Water Transport,0.0287424775479
India-Air Transport,0.0298393682103
India-Other Supporting and Auxiliary Transport Activities; Activities of Travel Agencies,0.0270866403266
India-Post and Telecommunications,0.0277249791325
India-Financial Intermediation,0.00860092291642
India-Real Estate Activities,0.00283730710303
India-Renting of M&Eq and Other Business Activities,0.0572779322356
India-Public Admin and Defence; Compulsory Social Security,0.00280173028677
India-Education,0.00983427735805
India-Health and Social Work,0.025483774238
"India-Other Community, Social and Personal Services",0.0328180545943
India-Private Households with Employed Persons,0.0293427349707
"Ireland-Agriculture, Hunting, Forestry and Fishing",0.0289007876258
Ireland-Mining and Quarrying,0.0299300678791
"Ireland-Food, Beverages and Tobacco",0.0474764848243
Ireland-Textiles and Textile Products,0.030031999933
"Ireland-Leather, Leather and Footwear",0.0294321694326
Ireland-Wood and Products of Wood and Cork,0.0300142347568
"Ireland-Pulp, Paper, Paper , Printing and Publishing",0.0521604361169
"Ireland-Coke, Refined Petroleum and Nuclear Fuel",0.0325756993589
Ireland-Chemicals and Chemical Products,0.0558493507982
Ireland-Rubber and Plastics,0.0306824247527
Ireland-Other Non-Metallic Mineral,0.0296052990172
Ireland-Basic Metals and Fabricated Metal,0.0320365171262
"Ireland-Machinery, Nec",0.0321924249018
Ireland-Electrical and Optical Equipment,0.0670255899778
Ireland-Transport Equipment,0.0308325968704
"Ireland-Manufacturing, Nec; Recycling",0.0302434973202
"Ireland-Electricity, Gas and Water Supply",0.030599518633
Ireland-Construction,-0.0020291107177
"Ireland-Sale, Maintenance and Repair of Motor Vehicles and Motorcycles; Retail Sale of Fuel",0.0291329961547
"Ireland-Wholesale Trade and Commission Trade, Except of Motor Vehicles and Motorcycles",0.033334081197
"Ireland-Retail Trade, Except of Motor Vehicles and Motorcycles; Repair of Household Goods",0.0259210323775
Ireland-Hotels and Restaurants,0.0306724277777
Ireland-Inland Transport,0.0302159893537
Ireland-Water Transport,0.0296820442562
Ireland-Air Transport,0.0323645416085
Ireland-Other Supporting and Auxiliary Transport Activities; Activities of Travel Agencies,0.0307963494162
Ireland-Post and Telecommunications,0.0291333287716
Ireland-Financial Intermediation,0.0502399075589
Ireland-Real Estate Activities,0.0189285103445
Ireland-Renting of M&Eq and Other Business Activities,0.0571506711209
Ireland-Public Admin and Defence; Compulsory Social Security,0.0174476158779
Ireland-Education,0.0181230157138
Ireland-Health and Social Work,0.0146900300585
"Ireland-Other Community, Social and Personal Services",0.0260161756307
Ireland-Private Households with Employed Persons,0.0291344931629
"Italy-Agriculture, Hunting, Forestry and Fishing",0.0349539346875
Italy-Mining and Quarrying,0.0290270807489
"Italy-Food, Beverages and Tobacco",0.0589805760667
Italy-Textiles and Textile Products,0.0912115239055
"Italy-Leather, Leather and Footwear",0.0638599999493
Italy-Wood and Products of Wood and Cork,0.0357074232579
"Italy-Pulp, Paper, Paper , Printing and Publishing",0.042723578025
"Italy-Coke, Refined Petroleum and Nuclear Fuel",0.104969822772
Italy-Chemicals and Chemical Products,0.102484373663
Italy-Rubber and Plastics,0.0563025802702
Italy-Other Non-Metallic Mineral,0.0519240335005
Italy-Basic Metals and Fabricated Metal,0.111889050945
"Italy-Machinery, Nec",0.18006842495
Italy-Electrical and Optical Equipment,0.096993524197
Italy-Transport Equipment,0.0973555513007
"Italy-Manufacturing, Nec; Recycling",0.0677673724804
"Italy-Electricity, Gas and Water Supply",0.0555898556069
Italy-Construction,0.00389567823008
"Italy-Sale, Maintenance and Repair of Motor Vehicles and Motorcycles; Retail Sale of Fuel",0.0241568492183
"Italy-Wholesale Trade and Commission Trade, Except of Motor Vehicles and Motorcycles",0.0241614591717
"Italy-Retail Trade, Except of Motor Vehicles and Motorcycles; Repair of Household Goods",0.0273219027334
Italy-Hotels and Restaurants,0.00659855719661
Italy-Inland Transport,0.0275580916386
Italy-Water Transport,0.0323838937296
Italy-Air Transport,0.0356510571727
Italy-Other Supporting and Auxiliary Transport Activities; Activities of Travel Agencies,0.034712656671
Italy-Post and Telecommunications,0.0349429845226
Italy-Financial Intermediation,0.0190543839409
Italy-Real Estate Activities,-0.0121176513232
Italy-Renting of M&Eq and Other Business Activities,0.0367411743522
Italy-Public Admin and Defence; Compulsory Social Security,-0.00312369099325
Italy-Education,0.00605585245155
Italy-Health and Social Work,0.0028486759906
"Italy-Other Community, Social and Personal Services",0.0210832560242
Italy-Private Households with Employed Persons,0.025260685522
"Japan-Agriculture, Hunting, Forestry and Fishing",0.0260343062086
Japan-Mining and Quarrying,0.0299390170596
"Japan-Food, Beverages and Tobacco",0.0147984568303
Japan-Textiles and Textile Products,0.0339951755558
"Japan-Leather, Leather and Footwear",0.0295189515626
Japan-Wood and Products of Wood and Cork,0.0326064966648
"Japan-Pulp, Paper, Paper , Printing and Publishing",0.0298642424138
"Japan-Coke, Refined Petroleum and Nuclear Fuel",0.18078746131
Japan-Chemicals and Chemical Products,0.103102203358
Japan-Rubber and Plastics,0.0533607194754
Japan-Other Non-Metallic Mineral,0.03989118311
Japan-Basic Metals and Fabricated Metal,0.128600958347
"Japan-Machinery, Nec",0.139499022705
Japan-Electrical and Optical Equipment,0.172986405593
Japan-Transport Equipment,0.240875320267
"Japan-Manufacturing, Nec; Recycling",0.0388526983431
"Japan-Electricity, Gas and Water Supply",0.0621076165099
Japan-Construction,0.0183129785338
"Japan-Sale, Maintenance and Repair of Motor Vehicles and Motorcycles; Retail Sale of Fuel",0.0243381612092
"Japan-Wholesale Trade and Commission Trade, Except of Motor Vehicles and Motorcycles",-0.016946325018
"Japan-Retail Trade, Except of Motor Vehicles and Motorcycles; Repair of Household Goods",-0.0059341629598
Japan-Hotels and Restaurants,0.0173138094419
Japan-Inland Transport,0.0306566096206
Japan-Water Transport,0.0401033893264
Japan-Air Transport,0.04528998369
Japan-Other Supporting and Auxiliary Transport Activities; Activities of Travel Agencies,0.029776401009
Japan-Post and Telecommunications,0.0111297716238
Japan-Financial Intermediation,-0.0136972776536
Japan-Real Estate Activities,-0.0662166227393
Japan-Renting of M&Eq and Other Business Activities,-0.022123486173
Japan-Public Admin and Defence; Compulsory Social Security,-0.033326083956
Japan-Education,0.000329955796925
Japan-Health and Social Work,-0.00147276320638
"Japan-Other Community, Social and Personal Services",-0.00616500679305
Japan-Private Households with Employed Persons,0.0293900979666
"South Korea-Agriculture, Hunting, Forestry and Fishing",0.0196748398522
South Korea-Mining and Quarrying,0.0285827890414
"South Korea-Food, Beverages and Tobacco",0.0232531851786
South Korea-Textiles and Textile Products,0.0411853709331
"South Korea-Leather, Leather and Footwear",0.0305930467291
South Korea-Wood and Products of Wood and Cork,0.0303741775184
"South Korea-Pulp, Paper, Paper , Printing and Publishing",0.0329574213416
"South Korea-Coke, Refined Petroleum and Nuclear Fuel",0.127312427962
South Korea-Chemicals and Chemical Products,0.0803216554094
South Korea-Rubber and Plastics,0.0416641875537
South Korea-Other Non-Metallic Mineral,0.0303992515072
South Korea-Basic Metals and Fabricated Metal,0.0791536680193
"South Korea-Machinery, Nec",0.0665890413852
South Korea-Electrical and Optical Equipment,0.157720786881
South Korea-Transport Equipment,0.125176969474
"South Korea-Manufacturing, Nec; Recycling",0.0337841525139
"South Korea-Electricity, Gas and Water Supply",0.0479903968844
South Korea-Construction,0.0166495131183
"South Korea-Sale, Maintenance and Repair of Motor Vehicles and Motorcycles; Retail Sale of Fuel",0.02756904087
"South Korea-Wholesale Trade and Commission Trade, Except of Motor Vehicles and Motorcycles",0.0303633008701
"South Korea-Retail Trade, Except of Motor Vehicles and Motorcycles; Repair of Household Goods",0.0101744489768
South Korea-Hotels and Restaurants,0.0155804677793
South Korea-Inland Transport,0.0362050970095
South Korea-Water Transport,0.0496975942268
South Korea-Air Transport,0.038877152803
South Korea-Other Supporting and Auxiliary Transport Activities; Activities of Travel Agencies,0.029049161035
South Korea-Post and Telecommunications,0.0234312188683
South Korea-Financial Intermediation,0.00549285190972
South Korea-Real Estate Activities,-0.00634858560104
South Korea-Renting of M&Eq and Other Business Activities,0.0243664053202
South Korea-Public Admin and Defence; Compulsory Social Security,0.00897077313707
South Korea-Education,0.00313289658529
South Korea-Health and Social Work,0.0188836226268
"South Korea-Other Community, Social and Personal Services",0.0174724133138
South Korea-Private Households with Employed Persons,0.029390097968
"Lithuania-Agriculture, Hunting, Forestry and Fishing",0.0248245727994
Lithuania-Mining and Quarrying,0.026614460914
"Lithuania-Food, Beverages and Tobacco",0.0292392273174
Lithuania-Textiles and Textile Products,0.03197609722
"Lithuania-Leather, Leather and Footwear",0.0297270507289
Lithuania-Wood and Products of Wood and Cork,0.030138362457
"Lithuania-Pulp, Paper, Paper , Printing and Publishing",0.0309924302123
"Lithuania-Coke, Refined Petroleum and Nuclear Fuel",0.0555750202404
Lithuania-Chemicals and Chemical Products,0.0348838457828
Lithuania-Rubber and Plastics,0.0326542244974
Lithuania-Other Non-Metallic Mineral,0.0311380854143
Lithuania-Basic Metals and Fabricated Metal,0.0313084652985
"Lithuania-Machinery, Nec",0.0318160401312
Lithuania-Electrical and Optical Equipment,0.0335919597786
Lithuania-Transport Equipment,0.0299169252501
"Lithuania-Manufacturing, Nec; Recycling",0.0308741251608
"Lithuania-Electricity, Gas and Water Supply",0.0296820826531
Lithuania-Construction,0.0141873706101
"Lithuania-Sale, Maintenance and Repair of Motor Vehicles and Motorcycles; Retail Sale of Fuel",0.0273160020838
"Lithuania-Wholesale Trade and Commission Trade, Except of Motor Vehicles and Motorcycles",0.0212212439425
"Lithuania-Retail Trade, Except of Motor Vehicles and Motorcycles; Repair of Household Goods",0.0218985581744
Lithuania-Hotels and Restaurants,0.0261767892096
Lithuania-Inland Transport,0.0278824784493
Lithuania-Water Transport,0.0294536538096
Lithuania-Air Transport,0.0291716441279
Lithuania-Other Supporting and Auxiliary Transport Activities; Activities of Travel Agencies,0.0292743009354
Lithuania-Post and Telecommunications,0.0266226629975
Lithuania-Financial Intermediation,0.0246096573476
Lithuania-Real Estate Activities,0.0137710075549
Lithuania-Renting of M&Eq and Other Business Activities,0.023226906546
Lithuania-Public Admin and Defence; Compulsory Social Security,0.0106564104921
Lithuania-Education,0.0183836198089
Lithuania-Health and Social Work,0.0226290587425
"Lithuania-Other Community, Social and Personal Services",0.0239894409854
Lithuania-Private Households with Employed Persons,0.0291563926398
"Luxembourg-Agriculture, Hunting, Forestry and Fishing",0.0294854039145
Luxembourg-Mining and Quarrying,0.029440892003
"Luxembourg-Food, Beverages and Tobacco",0.0301483559674
Luxembourg-Textiles and Textile Products,0.030251566237
"Luxembourg-Leather, Leather and Footwear",0.0294217394467
Luxembourg-Wood and Products of Wood and Cork,0.0297604538576
"Luxembourg-Pulp, Paper, Paper , Printing and Publishing",0.0303763446878
"Luxembourg-Coke, Refined Petroleum and Nuclear Fuel",0.0294664633868
Luxembourg-Chemicals and Chemical Products,0.0302210859779
Luxembourg-Rubber and Plastics,0.0308357105335
Luxembourg-Other Non-Metallic Mineral,0.029929344837
Luxembourg-Basic Metals and Fabricated Metal,0.0351842867439
"Luxembourg-Machinery, Nec",0.0306843076634
Luxembourg-Electrical and Optical Equipment,0.0302965087371
Luxembourg-Transport Equipment,0.0295172848588
"Luxembourg-Manufacturing, Nec; Recycling",0.0295159300146
"Luxembourg-Electricity, Gas and Water Supply",0.030829982906
Luxembourg-Construction,0.0201535467788
"Luxembourg-Sale, Maintenance and Repair of Motor Vehicles and Motorcycles; Retail Sale of Fuel",0.0267529092951
"Luxembourg-Wholesale Trade and Commission Trade, Except of Motor Vehicles and Motorcycles",0.02753574389
"Luxembourg-Retail Trade, Except of Motor Vehicles and Motorcycles; Repair of Household Goods",0.026436802175
Luxembourg-Hotels and Restaurants,0.0265400946105
Luxembourg-Inland Transport,0.027544868228
Luxembourg-Water Transport,0.0294357463593
Luxembourg-Air Transport,0.031711193314
Luxembourg-Other Supporting and Auxiliary Transport Activities; Activities of Travel Agencies,0.0292116305167
Luxembourg-Post and Telecommunications,0.0309652659303
Luxembourg-Financial Intermediation,0.0490196099688
Luxembourg-Real Estate Activities,0.00680327461147
Luxembourg-Renting of M&Eq and Other Business Activities,0.0343636319094
Luxembourg-Public Admin and Defence; Compulsory Social Security,0.013930222815
Luxembourg-Education,0.0188789784104
Luxembourg-Health and Social Work,0.017639644922
"Luxembourg-Other Community, Social and Personal Services",0.0292167930057
Luxembourg-Private Households with Employed Persons,0.0283824022805
"Latvia-Agriculture, Hunting, Forestry and Fishing",0.0269970522248
Latvia-Mining and Quarrying,0.0292168701164
"Latvia-Food, Beverages and Tobacco",0.0259709644925
Latvia-Textiles and Textile Products,0.0306582628638
"Latvia-Leather, Leather and Footwear",0.0294003346276
Latvia-Wood and Products of Wood and Cork,0.0305665417753
"Latvia-Pulp, Paper, Paper , Printing and Publishing",0.0301716979317
"Latvia-Coke, Refined Petroleum and Nuclear Fuel",0.0298130392105
Latvia-Chemicals and Chemical Products,0.0299597189596
Latvia-Rubber and Plastics,0.030940663353
Latvia-Other Non-Metallic Mineral,0.0306283761837
Latvia-Basic Metals and Fabricated Metal,0.0337130560544
"Latvia-Machinery, Nec",0.0304667002765
Latvia-Electrical and Optical Equipment,0.0303485189763
Latvia-Transport Equipment,0.0306635235746
"Latvia-Manufacturing, Nec; Recycling",0.0305740257778
"Latvia-Electricity, Gas and Water Supply",0.0306461810862
Latvia-Construction,0.0282224842631
"Latvia-Sale, Maintenance and Repair of Motor Vehicles and Motorcycles; Retail Sale of Fuel",0.0257452477607
"Latvia-Wholesale Trade and Commission Trade, Except of Motor Vehicles and Motorcycles",0.0153858186886
"Latvia-Retail Trade, Except of Motor Vehicles and Motorcycles; Repair of Household Goods",0.0189724255555
Latvia-Hotels and Restaurants,0.0229702950764
Latvia-Inland Transport,0.0297548980677
Latvia-Water Transport,0.0294835454713
Latvia-Air Transport,0.0292233488783
Latvia-Other Supporting and Auxiliary Transport Activities; Activities of Travel Agencies,0.030373232518
Latvia-Post and Telecommunications,0.0261561595857
Latvia-Financial Intermediation,0.019802919828
Latvia-Real Estate Activities,0.0105847097618
Latvia-Renting of M&Eq and Other Business Activities,0.0246751465166
Latvia-Public Admin and Defence; Compulsory Social Security,0.0129920029969
Latvia-Education,0.0196315071648
Latvia-Health and Social Work,0.0238124182703
"Latvia-Other Community, Social and Personal Services",0.0199195476177
Latvia-Private Households with Employed Persons,0.0293900979674
"Mexico-Agriculture, Hunting, Forestry and Fishing",0.01850492964
Mexico-Mining and Quarrying,0.0107865690724
"Mexico-Food, Beverages and Tobacco",0.00637995516162
Mexico-Textiles and Textile Products,0.033167391718
"Mexico-Leather, Leather and Footwear",0.0294741830126
Mexico-Wood and Products of Wood and Cork,0.0285462699141
"Mexico-Pulp, Paper, Paper , Printing and Publishing",0.0306223120056
"Mexico-Coke, Refined Petroleum and Nuclear Fuel",0.0103415951518
Mexico-Chemicals and Chemical Products,0.0278518960744
Mexico-Rubber and Plastics,0.0326686173078
Mexico-Other Non-Metallic Mineral,0.0248375511391
Mexico-Basic Metals and Fabricated Metal,0.0367076864496
"Mexico-Machinery, Nec",0.0336402159658
Mexico-Electrical and Optical Equipment,0.0746177068421
Mexico-Transport Equipment,0.0713361401326
"Mexico-Manufacturing, Nec; Recycling",0.0345212015079
"Mexico-Electricity, Gas and Water Supply",0.0268908476716
Mexico-Construction,0.0139125745963
"Mexico-Sale, Maintenance and Repair of Motor Vehicles and Motorcycles; Retail Sale of Fuel",0.030451464404
"Mexico-Wholesale Trade and Commission Trade, Except of Motor Vehicles and Motorcycles",0.00954729589667
"Mexico-Retail Trade, Except of Motor Vehicles and Motorcycles; Repair of Household Goods",0.0110241485732
Mexico-Hotels and Restaurants,0.0147187738404
Mexico-Inland Transport,0.00890701085143
Mexico-Water Transport,0.0293020210693
Mexico-Air Transport,0.028966511427
Mexico-Other Supporting and Auxiliary Transport Activities; Activities of Travel Agencies,0.0267359074063
Mexico-Post and Telecommunications,0.0200819648996
Mexico-Financial Intermediation,0.0114739854387
Mexico-Real Estate Activities,-0.020085332218
Mexico-Renting of M&Eq and Other Business Activities,0.00857408931702
Mexico-Public Admin and Defence; Compulsory Social Security,0.00533457554903
Mexico-Education,0.00249572023976
Mexico-Health and Social Work,0.0175381770719
"Mexico-Other Community, Social and Personal Services",0.021128699256
Mexico-Private Households with Employed Persons,0.0269106099867
"Malta-Agriculture, Hunting, Forestry and Fishing",0.0246181446913
Malta-Mining and Quarrying,0.0289113861818
"Malta-Food, Beverages and Tobacco",0.0249353755234
Malta-Textiles and Textile Products,0.029271255289
"Malta-Leather, Leather and Footwear",0.0293771762822
Malta-Wood and Products of Wood and Cork,0.0293735708115
"Malta-Pulp, Paper, Paper , Printing and Publishing",0.0296389182572
"Malta-Coke, Refined Petroleum and Nuclear Fuel",0.0294153751693
Malta-Chemicals and Chemical Products,0.0299088617379
Malta-Rubber and Plastics,0.0296878545803
Malta-Other Non-Metallic Mineral,0.0283829947259
Malta-Basic Metals and Fabricated Metal,0.02990621661
"Malta-Machinery, Nec",0.0294817940915
Malta-Electrical and Optical Equipment,0.0326068318727
Malta-Transport Equipment,0.0296096305372
"Malta-Manufacturing, Nec; Recycling",0.0289752858068
"Malta-Electricity, Gas and Water Supply",0.0377780876528
Malta-Construction,0.0243522672288
"Malta-Sale, Maintenance and Repair of Motor Vehicles and Motorcycles; Retail Sale of Fuel",0.0268899511095
"Malta-Wholesale Trade and Commission Trade, Except of Motor Vehicles and Motorcycles",0.0241283326652
"Malta-Retail Trade, Except of Motor Vehicles and Motorcycles; Repair of Household Goods",0.0243514957639
Malta-Hotels and Restaurants,0.0276830504998
Malta-Inland Transport,0.0284511536079
Malta-Water Transport,0.0294641506259
Malta-Air Transport,0.0302812650532
Malta-Other Supporting and Auxiliary Transport Activities; Activities of Travel Agencies,0.0273095547543
Malta-Post and Telecommunications,0.0301374764343
Malta-Financial Intermediation,0.0236842053276
Malta-Real Estate Activities,0.0150946019425
Malta-Renting of M&Eq and Other Business Activities,0.0309405109136
Malta-Public Admin and Defence; Compulsory Social Security,0.0163389477792
Malta-Education,0.0189587578185
Malta-Health and Social Work,0.0191529223941
"Malta-Other Community, Social and Personal Services",0.0187529898047
Malta-Private Households with Employed Persons,0.0288686777189
"The Netherlands-Agriculture, Hunting, Forestry and Fishing",0.0630764846121
The Netherlands-Mining and Quarrying,0.0338789320627
"The Netherlands-Food, Beverages and Tobacco",0.0960884653767
The Netherlands-Textiles and Textile Products,0.0362220489501
"The Netherlands-Leather, Leather and Footwear",0.030156057354
The Netherlands-Wood and Products of Wood and Cork,0.0319106674759
"The Netherlands-Pulp, Paper, Paper , Printing and Publishing",0.0412769667643
"The Netherlands-Coke, Refined Petroleum and Nuclear Fuel",0.0556462836538
The Netherlands-Chemicals and Chemical Products,0.112232621098
The Netherlands-Rubber and Plastics,0.0396182858381
The Netherlands-Other Non-Metallic Mineral,0.0341071987142
The Netherlands-Basic Metals and Fabricated Metal,0.0489473986038
"The Netherlands-Machinery, Nec",0.0679038914061
The Netherlands-Electrical and Optical Equipment,0.0612937244615
The Netherlands-Transport Equipment,0.0553342829676
"The Netherlands-Manufacturing, Nec; Recycling",0.0390597667997
"The Netherlands-Electricity, Gas and Water Supply",0.0378551779188
The Netherlands-Construction,0.024848263275
"The Netherlands-Sale, Maintenance and Repair of Motor Vehicles and Motorcycles; Retail Sale of Fuel",0.0284387334199
"The Netherlands-Wholesale Trade and Commission Trade, Except of Motor Vehicles and Motorcycles",0.0294009200448
"The Netherlands-Retail Trade, Except of Motor Vehicles and Motorcycles; Repair of Household Goods",0.0211761815051
The Netherlands-Hotels and Restaurants,0.0245262470036
The Netherlands-Inland Transport,0.0311381599794
The Netherlands-Water Transport,0.0322407431999
The Netherlands-Air Transport,0.0417641153924
The Netherlands-Other Supporting and Auxiliary Transport Activities; Activities of Travel Agencies,0.0371801893427
The Netherlands-Post and Telecommunications,0.0375308520874
The Netherlands-Financial Intermediation,0.0279819966466
The Netherlands-Real Estate Activities,0.0021510150799
The Netherlands-Renting of M&Eq and Other Business Activities,0.0608209214555
The Netherlands-Public Admin and Defence; Compulsory Social Security,0.00918870850394
The Netherlands-Education,0.0158447978225
The Netherlands-Health and Social Work,-0.000254403462696
"The Netherlands-Other Community, Social and Personal Services",0.0295467131158
The Netherlands-Private Households with Employed Persons,0.0279171240536
"Poland-Agriculture, Hunting, Forestry and Fishing",0.0264356775924
Poland-Mining and Quarrying,0.0300392221819
"Poland-Food, Beverages and Tobacco",0.0370257241397
Poland-Textiles and Textile Products,0.0410386609981
"Poland-Leather, Leather and Footwear",0.0309935919446
Poland-Wood and Products of Wood and Cork,0.0368673890327
"Poland-Pulp, Paper, Paper , Printing and Publishing",0.0371196378757
"Poland-Coke, Refined Petroleum and Nuclear Fuel",0.0521027705887
Poland-Chemicals and Chemical Products,0.0494921674479
Poland-Rubber and Plastics,0.0430063542923
Poland-Other Non-Metallic Mineral,0.0384923014912
Poland-Basic Metals and Fabricated Metal,0.04973909666
"Poland-Machinery, Nec",0.0472450005062
Poland-Electrical and Optical Equipment,0.0509930928413
Poland-Transport Equipment,0.0595473083619
"Poland-Manufacturing, Nec; Recycling",0.0434271194105
"Poland-Electricity, Gas and Water Supply",0.0284463386459
Poland-Construction,0.0273171184872
"Poland-Sale, Maintenance and Repair of Motor Vehicles and Motorcycles; Retail Sale of Fuel",0.0219363568851
"Poland-Wholesale Trade and Commission Trade, Except of Motor Vehicles and Motorcycles",0.0178294450056
"Poland-Retail Trade, Except of Motor Vehicles and Motorcycles; Repair of Household Goods",0.00842303859904
Poland-Hotels and Restaurants,0.0246900528204
Poland-Inland Transport,0.0336232837852
Poland-Water Transport,0.0303457249597
Poland-Air Transport,0.0312835527327
Poland-Other Supporting and Auxiliary Transport Activities; Activities of Travel Agencies,0.0307852598105
Poland-Post and Telecommunications,0.0264451284
Poland-Financial Intermediation,0.0165170613136
Poland-Real Estate Activities,0.00257306086653
Poland-Renting of M&Eq and Other Business Activities,0.0235656911531
Poland-Public Admin and Defence; Compulsory Social Security,0.0104793269789
Poland-Education,0.0116121983921
Poland-Health and Social Work,0.0180245981035
"Poland-Other Community, Social and Personal Services",0.0202741582298
Poland-Private Households with Employed Persons,0.0275091687179
"Portugal-Agriculture, Hunting, Forestry and Fishing",0.0262980187934
Portugal-Mining and Quarrying,0.0300247211883
"Portugal-Food, Beverages and Tobacco",0.0254206879625
Portugal-Textiles and Textile Products,0.0349011413058
"Portugal-Leather, Leather and Footwear",0.0315391764797
Portugal-Wood and Products of Wood and Cork,0.0315389150115
"Portugal-Pulp, Paper, Paper , Printing and Publishing",0.031546554371
"Portugal-Coke, Refined Petroleum and Nuclear Fuel",0.0629851378596
Portugal-Chemicals and Chemical Products,0.0341681114187
Portugal-Rubber and Plastics,0.0324088132183
Portugal-Other Non-Metallic Mineral,0.0313622759959
Portugal-Basic Metals and Fabricated Metal,0.038636123388
"Portugal-Machinery, Nec",0.0335631189681
Portugal-Electrical and Optical Equipment,0.0382359933518
Portugal-Transport Equipment,0.0361869514162
"Portugal-Manufacturing, Nec; Recycling",0.0310165728916
"Portugal-Electricity, Gas and Water Supply",0.0301155241706
Portugal-Construction,0.00878307613724
"Portugal-Sale, Maintenance and Repair of Motor Vehicles and Motorcycles; Retail Sale of Fuel",0.0235559707501
"Portugal-Wholesale Trade and Commission Trade, Except of Motor Vehicles and Motorcycles",0.0187477660879
"Portugal-Retail Trade, Except of Motor Vehicles and Motorcycles; Repair of Household Goods",0.0182531529882
Portugal-Hotels and Restaurants,0.0145203869592
Portugal-Inland Transport,0.0330937226585
Portugal-Water Transport,0.0297439457699
Portugal-Air Transport,0.032101957399
Portugal-Other Supporting and Auxiliary Transport Activities; Activities of Travel Agencies,0.0285256063938
Portugal-Post and Telecommunications,0.0302954542062
Portugal-Financial Intermediation,0.0138119331921
Portugal-Real Estate Activities,0.00205107135097
Portugal-Renting of M&Eq and Other Business Activities,0.017607905857
Portugal-Public Admin and Defence; Compulsory Social Security,0.00133788515262
Portugal-Education,0.00657543872461
Portugal-Health and Social Work,0.011886707615
"Portugal-Other Community, Social and Personal Services",0.0215552099956
Portugal-Private Households with Employed Persons,0.0267698402775
"Romania-Agriculture, Hunting, Forestry and Fishing",0.0145065053592
Romania-Mining and Quarrying,0.0278069933579
"Romania-Food, Beverages and Tobacco",0.0032509460763
Romania-Textiles and Textile Products,0.034608782089
"Romania-Leather, Leather and Footwear",0.0309902399575
Romania-Wood and Products of Wood and Cork,0.030149687738
"Romania-Pulp, Paper, Paper , Printing and Publishing",0.029497866114
"Romania-Coke, Refined Petroleum and Nuclear Fuel",0.0411582781972
Romania-Chemicals and Chemical Products,0.0359694261321
Romania-Rubber and Plastics,0.0315617220803
Romania-Other Non-Metallic Mineral,0.030195418543
Romania-Basic Metals and Fabricated Metal,0.0408267337592
"Romania-Machinery, Nec",0.0329139372164
Romania-Electrical and Optical Equipment,0.0333310673209
Romania-Transport Equipment,0.0327250674621
"Romania-Manufacturing, Nec; Recycling",0.0303658875947
"Romania-Electricity, Gas and Water Supply",0.0434997904374
Romania-Construction,0.0110660317674
"Romania-Sale, Maintenance and Repair of Motor Vehicles and Motorcycles; Retail Sale of Fuel",0.029738272909
"Romania-Wholesale Trade and Commission Trade, Except of Motor Vehicles and Motorcycles",0.0175194646835
"Romania-Retail Trade, Except of Motor Vehicles and Motorcycles; Repair of Household Goods",0.0226498316845
Romania-Hotels and Restaurants,0.0241528467619
Romania-Inland Transport,0.0248785704148
Romania-Water Transport,0.0295698413972
Romania-Air Transport,0.0299469559323
Romania-Other Supporting and Auxiliary Transport Activities; Activities of Travel Agencies,0.0263766993095
Romania-Post and Telecommunications,0.0289185469023
Romania-Financial Intermediation,0.0272254345878
Romania-Real Estate Activities,0.0104566660381
Romania-Renting of M&Eq and Other Business Activities,0.0302824227576
Romania-Public Admin and Defence; Compulsory Social Security,0.0154479090129
Romania-Education,0.0197020020201
Romania-Health and Social Work,0.0281347584988
"Romania-Other Community, Social and Personal Services",0.0236642640673
Romania-Private Households with Employed Persons,0.0293900979671
"Russia-Agriculture, Hunting, Forestry and Fishing",0.0142803675765
Russia-Mining and Quarrying,0.149242485735
"Russia-Food, Beverages and Tobacco",-0.00500075949161
Russia-Textiles and Textile Products,0.0301727552774
"Russia-Leather, Leather and Footwear",0.0292295302094
Russia-Wood and Products of Wood and Cork,0.0349827980478
"Russia-Pulp, Paper, Paper , Printing and Publishing",0.0339660339356
"Russia-Coke, Refined Petroleum and Nuclear Fuel",0.0437308702567
Russia-Chemicals and Chemical Products,0.0497614662635
Russia-Rubber and Plastics,0.0286834403843
Russia-Other Non-Metallic Mineral,0.0220716779579
Russia-Basic Metals and Fabricated Metal,0.0496138355057
"Russia-Machinery, Nec",0.035169798972
Russia-Electrical and Optical Equipment,0.0276967927454
Russia-Transport Equipment,0.0517897624718
"Russia-Manufacturing, Nec; Recycling",0.026778581214
"Russia-Electricity, Gas and Water Supply",0.00962223300093
Russia-Construction,-0.0205784006856
"Russia-Sale, Maintenance and Repair of Motor Vehicles and Motorcycles; Retail Sale of Fuel",0.022455568255
"Russia-Wholesale Trade and Commission Trade, Except of Motor Vehicles and Motorcycles",0.0203415048835
"Russia-Retail Trade, Except of Motor Vehicles and Motorcycles; Repair of Household Goods",0.00442219853757
Russia-Hotels and Restaurants,0.0225752172159
Russia-Inland Transport,0.0649592847058
Russia-Water Transport,0.0292977898378
Russia-Air Transport,0.0293853423391
Russia-Other Supporting and Auxiliary Transport Activities; Activities of Travel Agencies,0.0304416651572
Russia-Post and Telecommunications,0.0221122442543
Russia-Financial Intermediation,0.00577551061896
Russia-Real Estate Activities,0.00698472505344
Russia-Renting of M&Eq and Other Business Activities,0.0104079049831
Russia-Public Admin and Defence; Compulsory Social Security,-0.0113139259959
Russia-Education,0.0091184302149
Russia-Health and Social Work,0.00236181924688
"Russia-Other Community, Social and Personal Services",0.0170183728152
Russia-Private Households with Employed Persons,0.0293900979671
"Slovak Republic-Agriculture, Hunting, Forestry and Fishing",0.0273906378374
Slovak Republic-Mining and Quarrying,0.0302506094052
"Slovak Republic-Food, Beverages and Tobacco",0.0285842090126
Slovak Republic-Textiles and Textile Products,0.0311658916462
"Slovak Republic-Leather, Leather and Footwear",0.0302149434902
Slovak Republic-Wood and Products of Wood and Cork,0.0310020132478
"Slovak Republic-Pulp, Paper, Paper , Printing and Publishing",0.0320067506147
"Slovak Republic-Coke, Refined Petroleum and Nuclear Fuel",0.042495033723
Slovak Republic-Chemicals and Chemical Products,0.0339141050179
Slovak Republic-Rubber and Plastics,0.0322021066965
Slovak Republic-Other Non-Metallic Mineral,0.0310495496087
Slovak Republic-Basic Metals and Fabricated Metal,0.0384217697471
"Slovak Republic-Machinery, Nec",0.035434566065
Slovak Republic-Electrical and Optical Equipment,0.0401848409018
Slovak Republic-Transport Equipment,0.0415796929475
"Slovak Republic-Manufacturing, Nec; Recycling",0.0310089975236
"Slovak Republic-Electricity, Gas and Water Supply",0.0296190560341
Slovak Republic-Construction,0.0165932464906
"Slovak Republic-Sale, Maintenance and Repair of Motor Vehicles and Motorcycles; Retail Sale of Fuel",0.0285199202758
"Slovak Republic-Wholesale Trade and Commission Trade, Except of Motor Vehicles and Motorcycles",0.0246894844823
"Slovak Republic-Retail Trade, Except of Motor Vehicles and Motorcycles; Repair of Household Goods",0.020691313985
Slovak Republic-Hotels and Restaurants,0.0287962632875
Slovak Republic-Inland Transport,0.0314240145914
Slovak Republic-Water Transport,0.0294829157704
Slovak Republic-Air Transport,0.0300010869377
Slovak Republic-Other Supporting and Auxiliary Transport Activities; Activities of Travel Agencies,0.0277250278944
Slovak Republic-Post and Telecommunications,0.0259251501801
Slovak Republic-Financial Intermediation,0.0216748537594
Slovak Republic-Real Estate Activities,0.0191593285781
Slovak Republic-Renting of M&Eq and Other Business Activities,0.0264168040147
Slovak Republic-Public Admin and Defence; Compulsory Social Security,0.0100337518306
Slovak Republic-Education,0.0223066031629
Slovak Republic-Health and Social Work,0.024673386797
"Slovak Republic-Other Community, Social and Personal Services",0.0249030267971
Slovak Republic-Private Households with Employed Persons,0.0293900979679
"Slovenia-Agriculture, Hunting, Forestry and Fishing",0.0267009997039
Slovenia-Mining and Quarrying,0.0291389569311
"Slovenia-Food, Beverages and Tobacco",0.0261381875353
Slovenia-Textiles and Textile Products,0.030908186505
"Slovenia-Leather, Leather and Footwear",0.0305105755598
Slovenia-Wood and Products of Wood and Cork,0.0301980231757
"Slovenia-Pulp, Paper, Paper , Printing and Publishing",0.0318184798271
"Slovenia-Coke, Refined Petroleum and Nuclear Fuel",0.029420236518
Slovenia-Chemicals and Chemical Products,0.0363200799692
Slovenia-Rubber and Plastics,0.0317448030044
Slovenia-Other Non-Metallic Mineral,0.0296653825874
Slovenia-Basic Metals and Fabricated Metal,0.0353231703909
"Slovenia-Machinery, Nec",0.0338610609708
Slovenia-Electrical and Optical Equipment,0.0336617513241
Slovenia-Transport Equipment,0.0326316918847
"Slovenia-Manufacturing, Nec; Recycling",0.0302394548831
"Slovenia-Electricity, Gas and Water Supply",0.0277083263365
Slovenia-Construction,0.0161475771271
"Slovenia-Sale, Maintenance and Repair of Motor Vehicles and Motorcycles; Retail Sale of Fuel",0.0262233475036
"Slovenia-Wholesale Trade and Commission Trade, Except of Motor Vehicles and Motorcycles",0.0215576974475
"Slovenia-Retail Trade, Except of Motor Vehicles and Motorcycles; Repair of Household Goods",0.0209627843186
Slovenia-Hotels and Restaurants,0.0234014818343
Slovenia-Inland Transport,0.0293578384971
Slovenia-Water Transport,0.0295156164163
Slovenia-Air Transport,0.0296044660632
Slovenia-Other Supporting and Auxiliary Transport Activities; Activities of Travel Agencies,0.0279651233133
Slovenia-Post and Telecommunications,0.023978865169
Slovenia-Financial Intermediation,0.0201389031326
Slovenia-Real Estate Activities,0.0130284425229
Slovenia-Renting of M&Eq and Other Business Activities,0.0220092451629
Slovenia-Public Admin and Defence; Compulsory Social Security,0.0123636178531
Slovenia-Education,0.0157460275285
Slovenia-Health and Social Work,0.01994063567
"Slovenia-Other Community, Social and Personal Services",0.0194987213884
Slovenia-Private Households with Employed Persons,0.0292398257902
"Sweden-Agriculture, Hunting, Forestry and Fishing",0.0317888596537
Sweden-Mining and Quarrying,0.0309013498416
"Sweden-Food, Beverages and Tobacco",0.0339734415507
Sweden-Textiles and Textile Products,0.0351427107916
"Sweden-Leather, Leather and Footwear",0.0303218832997
Sweden-Wood and Products of Wood and Cork,0.0352851415039
"Sweden-Pulp, Paper, Paper , Printing and Publishing",0.0483894926428
"Sweden-Coke, Refined Petroleum and Nuclear Fuel",0.0459118850439
Sweden-Chemicals and Chemical Products,0.0547218561731
Sweden-Rubber and Plastics,0.036304903852
Sweden-Other Non-Metallic Mineral,0.0320759035637
Sweden-Basic Metals and Fabricated Metal,0.0501549312816
"Sweden-Machinery, Nec",0.0666145671803
Sweden-Electrical and Optical Equipment,0.0744191423123
Sweden-Transport Equipment,0.0767464961185
"Sweden-Manufacturing, Nec; Recycling",0.036121786137
"Sweden-Electricity, Gas and Water Supply",0.0255362138707
Sweden-Construction,0.025590886166
"Sweden-Sale, Maintenance and Repair of Motor Vehicles and Motorcycles; Retail Sale of Fuel",0.0269938024062
"Sweden-Wholesale Trade and Commission Trade, Except of Motor Vehicles and Motorcycles",0.0209170514564
"Sweden-Retail Trade, Except of Motor Vehicles and Motorcycles; Repair of Household Goods",0.0210967450908
Sweden-Hotels and Restaurants,0.0222197420393
Sweden-Inland Transport,0.024085303833
Sweden-Water Transport,0.0326381746997
Sweden-Air Transport,0.0309837472088
Sweden-Other Supporting and Auxiliary Transport Activities; Activities of Travel Agencies,0.034721145366
Sweden-Post and Telecommunications,0.0300427690789
Sweden-Financial Intermediation,0.0232244284484
Sweden-Real Estate Activities,-0.0119290269075
Sweden-Renting of M&Eq and Other Business Activities,0.0313341728409
Sweden-Public Admin and Defence; Compulsory Social Security,0.0153973629304
Sweden-Education,0.00379006411189
Sweden-Health and Social Work,-0.0137889921604
"Sweden-Other Community, Social and Personal Services",0.0153160812019
Sweden-Private Households with Employed Persons,0.0292960835536
"Turkey-Agriculture, Hunting, Forestry and Fishing",0.00571333558702
Turkey-Mining and Quarrying,0.0274106443755
"Turkey-Food, Beverages and Tobacco",0.0052484301169
Turkey-Textiles and Textile Products,0.0571307577607
"Turkey-Leather, Leather and Footwear",0.0303060107656
Turkey-Wood and Products of Wood and Cork,0.0306601053814
"Turkey-Pulp, Paper, Paper , Printing and Publishing",0.034277126365
"Turkey-Coke, Refined Petroleum and Nuclear Fuel",0.0722936478894
Turkey-Chemicals and Chemical Products,0.0431241134107
Turkey-Rubber and Plastics,0.0389433088441
Turkey-Other Non-Metallic Mineral,0.0318349658273
Turkey-Basic Metals and Fabricated Metal,0.0550627347019
"Turkey-Machinery, Nec",0.0457311741639
Turkey-Electrical and Optical Equipment,0.0434901610198
Turkey-Transport Equipment,0.0597083441328
"Turkey-Manufacturing, Nec; Recycling",0.039911001334
"Turkey-Electricity, Gas and Water Supply",0.0581240167385
Turkey-Construction,0.0251451338759
"Turkey-Sale, Maintenance and Repair of Motor Vehicles and Motorcycles; Retail Sale of Fuel",0.019803885548
"Turkey-Wholesale Trade and Commission Trade, Except of Motor Vehicles and Motorcycles",0.00293578727313
"Turkey-Retail Trade, Except of Motor Vehicles and Motorcycles; Repair of Household Goods",0.00430164642856
Turkey-Hotels and Restaurants,0.0135440993633
Turkey-Inland Transport,-0.00780618467907
Turkey-Water Transport,0.0263660298471
Turkey-Air Transport,0.0263240574876
Turkey-Other Supporting and Auxiliary Transport Activities; Activities of Travel Agencies,0.0165492497501
Turkey-Post and Telecommunications,0.0196610153407
Turkey-Financial Intermediation,0.0143301806088
Turkey-Real Estate Activities,-0.0147820812471
Turkey-Renting of M&Eq and Other Business Activities,0.0194642053222
Turkey-Public Admin and Defence; Compulsory Social Security,0.00823787238421
Turkey-Education,0.0154396830289
Turkey-Health and Social Work,0.0211957165394
"Turkey-Other Community, Social and Personal Services",0.0200200064477
Turkey-Private Households with Employed Persons,0.0286066424025
"Taiwan-Agriculture, Hunting, Forestry and Fishing",0.0263381741657
Taiwan-Mining and Quarrying,0.0290385261305
"Taiwan-Food, Beverages and Tobacco",0.0259666420816
Taiwan-Textiles and Textile Products,0.0362973464685
"Taiwan-Leather, Leather and Footwear",0.0309508959706
Taiwan-Wood and Products of Wood and Cork,0.0297269145663
"Taiwan-Pulp, Paper, Paper , Printing and Publishing",0.0321124953828
"Taiwan-Coke, Refined Petroleum and Nuclear Fuel",0.0661867044426
Taiwan-Chemicals and Chemical Products,0.0625303517955
Taiwan-Rubber and Plastics,0.0382279604674
Taiwan-Other Non-Metallic Mineral,0.0287839379229
Taiwan-Basic Metals and Fabricated Metal,0.0557520250206
"Taiwan-Machinery, Nec",0.0486927352915
Taiwan-Electrical and Optical Equipment,0.109553426139
Taiwan-Transport Equipment,0.0397348346033
"Taiwan-Manufacturing, Nec; Recycling",0.0395037687713
"Taiwan-Electricity, Gas and Water Supply",0.0377185725471
Taiwan-Construction,0.0348812523423
"Taiwan-Sale, Maintenance and Repair of Motor Vehicles and Motorcycles; Retail Sale of Fuel",0.0291699014842
"Taiwan-Wholesale Trade and Commission Trade, Except of Motor Vehicles and Motorcycles",0.00239899928014
"Taiwan-Retail Trade, Except of Motor Vehicles and Motorcycles; Repair of Household Goods",0.0109354069708
Taiwan-Hotels and Restaurants,0.028555658921
Taiwan-Inland Transport,0.0286392154775
Taiwan-Water Transport,0.0317092886433
Taiwan-Air Transport,0.034609090999
Taiwan-Other Supporting and Auxiliary Transport Activities; Activities of Travel Agencies,0.0315012396727
Taiwan-Post and Telecommunications,0.0230103715537
Taiwan-Financial Intermediation,0.0010691023714
Taiwan-Real Estate Activities,0.00903532468637
Taiwan-Renting of M&Eq and Other Business Activities,0.0295882256855
Taiwan-Public Admin and Defence; Compulsory Social Security,-0.0113788167793
Taiwan-Education,0.0235579257715
Taiwan-Health and Social Work,0.0207989293312
"Taiwan-Other Community, Social and Personal Services",0.00663394639816
Taiwan-Private Households with Employed Persons,0.0265948147354
"USA-Agriculture, Hunting, Forestry and Fishing",0.0845103378663
USA-Mining and Quarrying,0.025348089502
"USA-Food, Beverages and Tobacco",0.0875962157959
USA-Textiles and Textile Products,0.0577184933086
"USA-Leather, Leather and Footwear",0.0316409874094
USA-Wood and Products of Wood and Cork,0.0370602227467
"USA-Pulp, Paper, Paper , Printing and Publishing",0.0770772635262
"USA-Coke, Refined Petroleum and Nuclear Fuel",0.118328371414
USA-Chemicals and Chemical Products,0.21256512469
USA-Rubber and Plastics,0.0646751500029
USA-Other Non-Metallic Mineral,0.041508258112
USA-Basic Metals and Fabricated Metal,0.106414369094
"USA-Machinery, Nec",0.198405979845
USA-Electrical and Optical Equipment,0.261717425845
USA-Transport Equipment,0.253529618333
"USA-Manufacturing, Nec; Recycling",0.0815376461075
"USA-Electricity, Gas and Water Supply",0.0380992989464
USA-Construction,0.0134510801906
"USA-Sale, Maintenance and Repair of Motor Vehicles and Motorcycles; Retail Sale of Fuel",0.0265530999053
"USA-Wholesale Trade and Commission Trade, Except of Motor Vehicles and Motorcycles",0.0450819590515
"USA-Retail Trade, Except of Motor Vehicles and Motorcycles; Repair of Household Goods",-0.0182657088403
USA-Hotels and Restaurants,0.0117599606457
USA-Inland Transport,0.0576744174829
USA-Water Transport,0.0369285861188
USA-Air Transport,0.068474086422
USA-Other Supporting and Auxiliary Transport Activities; Activities of Travel Agencies,0.0543570425749
USA-Post and Telecommunications,0.0433486588491
USA-Financial Intermediation,0.0959249617468
USA-Real Estate Activities,-0.0501652333481
USA-Renting of M&Eq and Other Business Activities,0.128086092997
USA-Public Admin and Defence; Compulsory Social Security,-0.0275544330387
USA-Education,0.0243844465018
USA-Health and Social Work,-0.0221092106662
"USA-Other Community, Social and Personal Services",0.0315235737329
USA-Private Households with Employed Persons,0.0287616898254
"Rest Of World-Agriculture, Hunting, Forestry and Fishing",0.189503228296
Rest Of World-Mining and Quarrying,1.07642339346
"Rest Of World-Food, Beverages and Tobacco",0.31204749377
Rest Of World-Textiles and Textile Products,0.119388080341
"Rest Of World-Leather, Leather and Footwear",0.0638959584676
Rest Of World-Wood and Products of Wood and Cork,0.059214670566
"Rest Of World-Pulp, Paper, Paper , Printing and Publishing",0.0732508284355
"Rest Of World-Coke, Refined Petroleum and Nuclear Fuel",0.42687755149
Rest Of World-Chemicals and Chemical Products,0.404041111074
Rest Of World-Rubber and Plastics,0.0630130006706
Rest Of World-Other Non-Metallic Mineral,0.0669044855514
Rest Of World-Basic Metals and Fabricated Metal,0.311097714072
"Rest Of World-Machinery, Nec",0.170161026649
Rest Of World-Electrical and Optical Equipment,0.325809101658
Rest Of World-Transport Equipment,0.136201730436
"Rest Of World-Manufacturing, Nec; Recycling",0.117376827256
"Rest Of World-Electricity, Gas and Water Supply",0.0383696788079
Rest Of World-Construction,0.0353336491229
"Rest Of World-Sale, Maintenance and Repair of Motor Vehicles and Motorcycles; Retail Sale of Fuel",0.0298157883881
"Rest Of World-Wholesale Trade and Commission Trade, Except of Motor Vehicles and Motorcycles",0.0584137808964
"Rest Of World-Retail Trade, Except of Motor Vehicles and Motorcycles; Repair of Household Goods",0.0276739886435
Rest Of World-Hotels and Restaurants,0.0498974841192
Rest Of World-Inland Transport,0.0595516865574
Rest Of World-Water Transport,0.0306269343945
Rest Of World-Air Transport,0.0462612162668
Rest Of World-Other Supporting and Auxiliary Transport Activities; Activities of Travel Agencies,0.0292002769031
Rest Of World-Post and Telecommunications,0.0440219156609
Rest Of World-Financial Intermediation,0.0542335143626
Rest Of World-Real Estate Activities,0.121836368939
Rest Of World-Renting of M&Eq and Other Business Activities,0.16527351715
Rest Of World-Public Admin and Defence; Compulsory Social Security,0.0179029966654
Rest Of World-Education,0.021181336067
Rest Of World-Health and Social Work,0.03076813592
"Rest Of World-Other Community, Social and Personal Services",0.0604586016603
Rest Of World-Private Households with Employed Persons,0.0292423770799
Australia-Government,0.00938558308983
Austria-Government,0.0644170569338
Belgium-Government,0.0601839517794
Bulgaria-Government,0.0673969267258
Brazil-Government,-0.512828942842
Canada-Government,-0.0444749563585
China-Government,-0.0716735233285
Cyprus-Government,-0.00949986656275
Czech Republic-Government,0.0968196680727
Germany-Government,0.123079209227
Denmark-Government,-0.0404112513145
Spain-Government,-0.0331476651877
Estonia-Government,0.0763972703259
Finland-Government,-0.0787505429845
France-Government,0.0199749161119
UK-Government,0.0153070796025
Greece-Government,-0.0928600189743
Hungary-Government,0.0127089490395
Indonesia-Government,-0.130369999584
India-Government,-0.230906028511
Ireland-Government,0.070715964606
Italy-Government,-0.0290408557143
Japan-Government,-0.233557661236
South Korea-Government,0.0113286718316
Lithuania-Government,0.0359266445498
Luxembourg-Government,-0.00146937276769
Latvia-Government,0.0757003888208
Mexico-Government,-0.205338026796
Malta-Government,0.0484231532883
The Netherlands-Government,-0.0569903535954
Poland-Government,-0.0621323662061
Portugal-Government,0.0541781678528
Romania-Government,0.263397467107
Russia-Government,0.130480278739
Slovak Republic-Government,0.0985288074215
Slovenia-Government,0.0758154697319
Sweden-Government,-0.0812015020902
Turkey-Government,-0.103379093056
Taiwan-Government,0.0184980159224
USA-Government,-0.104173715774
Rest Of World-Government,0.0
